"grade","avgIR","sdIR","minIR","maxIR"
"A",7.17384761820436,0.966966436456213,5.32,9.25
"B",10.7535591470788,1.44315749636514,6,14.09
"C",13.8477646838056,1.18591543059297,6,17.27
"D",17.1905763227407,1.22201886372683,6,20.31
"E",19.9276557697681,1.3755559506089,6,23.4
"F",23.9804378531073,0.916386856989291,21.99,26.06
"G",26.425625,0.849076704426637,25.8,28.99
