"loan_status","intRate","totRet"
"Charged Off",13.8518810301052,-35.8875963024008
"Fully Paid",11.7133266832918,15.3734695317415
